{"cameraMode":{"drawMode":0,"name":"Shaded","section":"Shading Mode"},"sceneLighting":true,"audioPlay":false,"sceneViewState":{"showFog":true,"showMaterialUpdate":false,"showSkybox":true,"showFlares":true,"showImageEffects":true,"showParticleSystems":true},"in2DMode":false,"pivot":{"x":0.18743208050727845,"y":2.7798781394958498,"z":-0.12802369892597199},"rotation":{"x":0.19286230206489564,"y":0.05589609593153,"z":-0.011005053296685219,"w":0.9795711636543274},"size":10.630212783813477,"orthographic":true}